conversation_id,title,lang_mix,flow_type,turn,user_message,assistant_reply,memory_role,memory_required,memory_remembered,prior_category,prior_city,expected_category,expected_city,actual_category,actual_city,used_previous_context,mode,machines_count,structural_pass,failures,conversation_pass,conversation_memory_score
en_greet_jaipur_excavator_refine,EN greetâ†’excavator jaipurâ†’delhi refine,english,greet_search_refine,1,hi,"Hello! Ready when you are â€” search, compare, booking, or support.",greeting,False,,,,,,,,False,greeting,0,True,,False,14.3
en_greet_jaipur_excavator_refine,EN greetâ†’excavator jaipurâ†’delhi refine,english,greet_search_refine,2,how are you,Thanks for introducing yourself. What would you like to do first?,none,False,,,,,,,,False,conversational,0,True,,False,14.3
en_greet_jaipur_excavator_refine,EN greetâ†’excavator jaipurâ†’delhi refine,english,greet_search_refine,3,i need a machine in jaipur,I'm not fully sure which machine you need. Can you tell me the work type and city?,establish_city,False,,,,,,,,False,unknown,0,,,False,14.3
en_greet_jaipur_excavator_refine,EN greetâ†’excavator jaipurâ†’delhi refine,english,greet_search_refine,4,excavator,"Good news â€” I found 4 Excavator. Check the details below, then use **Contact Owner** on the card to take the next step:

1. Caterpillar 320D (excavator), Caterpillar 320D, â€” Delhi, â‚ą12,000/day, available, rating 4.5/5
2. Hitachi ZX210 (excavator), Hitachi ZX210, â€” Gurgaon, â‚ą45,000/day, available, rating 4.5/5
3. Hyundai R210 (excavator), Hyundai R210, â€” Chennai, â‚ą12,000/day, available, rating 4.0/5
4. Komatsu PC210 (excavator), Komatsu PC210, â€” Pune, â‚ą24,000/day, available, rating 4.0/5",establish_category,True,True,,,excavator,jaipur,excavator,,True,search,4,False,city: got '' want 'jaipur',False,14.3
en_greet_jaipur_excavator_refine,EN greetâ†’excavator jaipurâ†’delhi refine,english,greet_search_refine,5,under 50000 per day,"Good news â€” I found 5 machines under â‚ą50000. Check the details below, then use **Contact Owner** on the card to take the next step:

1. EPIROC AIR ROC D-35(LM-100) Pneumatic (CRAWLER DRILL), EPIROC AIR ROC D-35(LM-100), â€” Jaipur, â‚ą400/daily, available, used 2022, rating not available
2. JCB 432 ZX Heavy Duty (WHEEL LOADER 3 T), JCB 432 ZX, â€” Jaipur, â‚ą500/daily, available, used 2017, rating not available
3. AMMANN APOLLO KP-1200 KLM Vibratory Screed (KERB PAVER), AMMANN APOLLO KP-1200 KLM, â€” Jaipur, â‚ą600/daily, available, used 2018, rating not available
4. TEREX CHIEFTAIN 1700-3D Crawler Mounted (MOBILE CRUSHER SCREEN CROWLER TYPE), TEREX CHIEFTAIN 1700-3D, â€” Jaipur, â‚ą700/daily, available, used 2019, rating not available
5. Crawler (Unknown), â€” Kota, â‚ą3,000/daily, available, used 2021, rating not available",refine_budget,True,False,excavator,,excavator,jaipur,,,True,search,5,False,category: got '' want 'excavator' | city: got '' want 'jaipur' | context lost â€” category: got '' expected 'excavator' | context lost â€” city: got '' expected 'jaipur',False,14.3
en_greet_jaipur_excavator_refine,EN greetâ†’excavator jaipurâ†’delhi refine,english,greet_search_refine,6,show cheaper options,"Lower-priced options for Crawler Drill in Jaipur under â‚ą37500:

1. EPIROC AIR ROC D-35(LM-100) Pneumatic â€” â‚ą400/daily, Jaipur",refine_cheaper,True,False,excavator,,excavator,jaipur,,,False,cheaper_options,1,False,category: got '' want 'excavator' | city: got '' want 'jaipur' | context lost â€” category: got '' expected 'excavator' | context lost â€” city: got '' expected 'jaipur',False,14.3
en_greet_jaipur_excavator_refine,EN greetâ†’excavator jaipurâ†’delhi refine,english,greet_search_refine,7,higher budget me kya option hai,"Clarify kar dein kya chahiye? Machines, rent/buy ya support me help kar sakta hoon.",refine_higher_budget,True,False,excavator,,excavator,jaipur,,,False,clarification,0,False,category: got '' want 'excavator' | city: got '' want 'jaipur' | context lost â€” category: got '' expected 'excavator' | context lost â€” city: got '' expected 'jaipur',False,14.3
en_greet_jaipur_excavator_refine,EN greetâ†’excavator jaipurâ†’delhi refine,english,greet_search_refine,8,same in delhi,"I am not fully sure yet. Can you tell me what you need â€” machine search, booking help, or support?",city_switch,True,False,excavator,,excavator,delhi,,,False,image_clarification,0,False,category: got '' want 'excavator' | city: got '' want 'delhi' | city switch lost category: got '' expected 'excavator' | city switch failed: got '' expected 'delhi',False,14.3
en_greet_jaipur_excavator_refine,EN greetâ†’excavator jaipurâ†’delhi refine,english,greet_search_refine,9,with operator included,I'm not fully sure which machine you need. Can you tell me the work type and city?,operator,True,False,excavator,,excavator,delhi,,,False,clarification,0,False,category: got '' want 'excavator' | city: got '' want 'delhi' | context lost â€” category: got '' expected 'excavator' | context lost â€” city: got '' expected 'delhi',False,14.3
en_greet_jaipur_excavator_refine,EN greetâ†’excavator jaipurâ†’delhi refine,english,greet_search_refine,10,jcb brand only,"JCB appears in these categories: backhoe loader, road roller, telehandler.",brand_filter,True,False,excavator,,excavator,delhi,,,False,brand_inventory,0,False,category: got '' want 'excavator' | city: got '' want 'delhi' | context lost â€” category: got '' expected 'excavator' | context lost â€” city: got '' expected 'delhi',False,14.3
en_greet_jaipur_excavator_refine,EN greetâ†’excavator jaipurâ†’delhi refine,english,greet_search_refine,11,thanks that helps,"I am not fully sure yet. Can you tell me what you need â€” machine search, booking help, or support?",thanks,False,,excavator,,,,,,False,support,0,True,,False,14.3
en_greet_jaipur_excavator_refine,EN greetâ†’excavator jaipurâ†’delhi refine,english,greet_search_refine,12,how does payment work for booking,I can help with that. Please share your booking or order ID.,support,False,,excavator,,,,,,False,refund_return,0,True,,False,14.3
en_greet_delhi_excavator_refine,EN greetâ†’excavator delhiâ†’mumbai refine,english,greet_search_refine,1,hi,"Hello! I can help you search machines, compare options, rent or buy, and handle support on InfraForge.",greeting,False,,,,,,,,False,greeting,0,True,,False,14.3
en_greet_delhi_excavator_refine,EN greetâ†’excavator delhiâ†’mumbai refine,english,greet_search_refine,2,how are you,Nice to meet you. How can I help you with InfraForge today?,none,False,,,,,,,,False,conversational,0,True,,False,14.3
en_greet_delhi_excavator_refine,EN greetâ†’excavator delhiâ†’mumbai refine,english,greet_search_refine,3,i need a machine in delhi,I'm not fully sure which machine you need. Can you tell me the work type and city?,establish_city,False,,,,,,,,False,unknown,0,,,False,14.3
en_greet_delhi_excavator_refine,EN greetâ†’excavator delhiâ†’mumbai refine,english,greet_search_refine,4,excavator,"Good news â€” I found 4 Excavator. Check the details below, then use **Contact Owner** on the card to take the next step:

1. Caterpillar 320D (excavator), Caterpillar 320D, â€” Delhi, â‚ą12,000/day, available, rating 4.5/5
2. Hitachi ZX210 (excavator), Hitachi ZX210, â€” Gurgaon, â‚ą45,000/day, available, rating 4.5/5
3. Hyundai R210 (excavator), Hyundai R210, â€” Chennai, â‚ą12,000/day, available, rating 4.0/5
4. Komatsu PC210 (excavator), Komatsu PC210, â€” Pune, â‚ą24,000/day, available, rating 4.0/5",establish_category,True,True,,,excavator,delhi,excavator,,True,search,4,False,city: got '' want 'delhi',False,14.3
en_greet_delhi_excavator_refine,EN greetâ†’excavator delhiâ†’mumbai refine,english,greet_search_refine,5,under 50000 per day,"Good news â€” I found 5 machines under â‚ą50000. Check the details below, then use **Contact Owner** on the card to take the next step:

1. EPIROC AIR ROC D-35(LM-100) Pneumatic (CRAWLER DRILL), EPIROC AIR ROC D-35(LM-100), â€” Jaipur, â‚ą400/daily, available, used 2022, rating not available
2. JCB 432 ZX Heavy Duty (WHEEL LOADER 3 T), JCB 432 ZX, â€” Jaipur, â‚ą500/daily, available, used 2017, rating not available
3. AMMANN APOLLO KP-1200 KLM Vibratory Screed (KERB PAVER), AMMANN APOLLO KP-1200 KLM, â€” Jaipur, â‚ą600/daily, available, used 2018, rating not available
4. TEREX CHIEFTAIN 1700-3D Crawler Mounted (MOBILE CRUSHER SCREEN CROWLER TYPE), TEREX CHIEFTAIN 1700-3D, â€” Jaipur, â‚ą700/daily, available, used 2019, rating not available
5. Crawler (Unknown), â€” Kota, â‚ą3,000/daily, available, used 2021, rating not available",refine_budget,True,False,excavator,,excavator,delhi,,,True,search,5,False,category: got '' want 'excavator' | city: got '' want 'delhi' | context lost â€” category: got '' expected 'excavator' | context lost â€” city: got '' expected 'delhi',False,14.3
en_greet_delhi_excavator_refine,EN greetâ†’excavator delhiâ†’mumbai refine,english,greet_search_refine,6,show cheaper options,"Lower-priced options for Crawler Drill in Jaipur under â‚ą37500:

1. EPIROC AIR ROC D-35(LM-100) Pneumatic â€” â‚ą400/daily, Jaipur",refine_cheaper,True,False,excavator,,excavator,delhi,,,False,cheaper_options,1,False,category: got '' want 'excavator' | city: got '' want 'delhi' | context lost â€” category: got '' expected 'excavator' | context lost â€” city: got '' expected 'delhi',False,14.3
en_greet_delhi_excavator_refine,EN greetâ†’excavator delhiâ†’mumbai refine,english,greet_search_refine,7,higher budget me kya option hai,"Clarify kar dein kya chahiye? Machines, rent/buy ya support me help kar sakta hoon.",refine_higher_budget,True,False,excavator,,excavator,delhi,,,False,clarification,0,False,category: got '' want 'excavator' | city: got '' want 'delhi' | context lost â€” category: got '' expected 'excavator' | context lost â€” city: got '' expected 'delhi',False,14.3
en_greet_delhi_excavator_refine,EN greetâ†’excavator delhiâ†’mumbai refine,english,greet_search_refine,8,same in mumbai,Could you clarify what you would like to do next?,city_switch,True,False,excavator,,excavator,mumbai,,,False,image_clarification,0,False,category: got '' want 'excavator' | city: got '' want 'mumbai' | city switch lost category: got '' expected 'excavator' | city switch failed: got '' expected 'mumbai',False,14.3
en_greet_delhi_excavator_refine,EN greetâ†’excavator delhiâ†’mumbai refine,english,greet_search_refine,9,with operator included,"Could you clarify what you need? I can help with machines, rent/buy, or support.",operator,True,False,excavator,,excavator,mumbai,,,False,clarification,0,False,category: got '' want 'excavator' | city: got '' want 'mumbai' | context lost â€” category: got '' expected 'excavator' | context lost â€” city: got '' expected 'mumbai',False,14.3
en_greet_delhi_excavator_refine,EN greetâ†’excavator delhiâ†’mumbai refine,english,greet_search_refine,10,jcb brand only,"Which machine category should I check for JCB â€” excavator, road roller, crane, or another type?",brand_filter,True,False,excavator,,excavator,mumbai,,,False,clarification,0,False,category: got '' want 'excavator' | city: got '' want 'mumbai' | context lost â€” category: got '' expected 'excavator' | context lost â€” city: got '' expected 'mumbai',False,14.3
en_greet_delhi_excavator_refine,EN greetâ†’excavator delhiâ†’mumbai refine,english,greet_search_refine,11,thanks that helps,"I am not fully sure yet. Can you tell me what you need â€” machine search, booking help, or support?",thanks,False,,excavator,,,,,,False,support,0,True,,False,14.3
en_greet_delhi_excavator_refine,EN greetâ†’excavator delhiâ†’mumbai refine,english,greet_search_refine,12,how does payment work for booking,I can help with that. Please share your booking or order ID.,support,False,,excavator,,,,,,False,refund_return,0,True,,False,14.3
en_greet_mumbai_excavator_refine,EN greetâ†’excavator mumbaiâ†’pune refine,english,greet_search_refine,1,hi,"Hello! I can help you search machines, compare options, rent or buy, and handle support on InfraForge.",greeting,False,,,,,,,,False,greeting,0,True,,False,28.6
en_greet_mumbai_excavator_refine,EN greetâ†’excavator mumbaiâ†’pune refine,english,greet_search_refine,2,how are you,Thanks for introducing yourself. What would you like to do first?,none,False,,,,,,,,False,conversational,0,True,,False,28.6
en_greet_mumbai_excavator_refine,EN greetâ†’excavator mumbaiâ†’pune refine,english,greet_search_refine,3,i need a machine in mumbai,I'm not fully sure which machine you need. Can you tell me the work type and city?,establish_city,False,,,,,,,,False,unknown,0,,,False,28.6
en_greet_mumbai_excavator_refine,EN greetâ†’excavator mumbaiâ†’pune refine,english,greet_search_refine,4,excavator,"What type of work is the machine for â€” digging, lifting, compaction, transport, or loading?",establish_category,True,True,,,excavator,mumbai,,,False,clarification,0,False,category: got '' want 'excavator' | city: got '' want 'mumbai',False,28.6
en_greet_mumbai_excavator_refine,EN greetâ†’excavator mumbaiâ†’pune refine,english,greet_search_refine,5,under 50000 per day,Tell me the work type so I can suggest the right equipment category.,refine_budget,True,False,excavator,mumbai,excavator,mumbai,,,False,clarification,0,False,category: got '' want 'excavator' | city: got '' want 'mumbai' | context lost â€” category: got '' expected 'excavator' | context lost â€” city: got '' expected 'mumbai',False,28.6
en_greet_mumbai_excavator_refine,EN greetâ†’excavator mumbaiâ†’pune refine,english,greet_search_refine,6,show cheaper options,"What would you like to do next â€” refine search, compare, or contact owner?",refine_cheaper,True,False,excavator,mumbai,excavator,mumbai,,,False,cheaper_options,0,False,category: got '' want 'excavator' | city: got '' want 'mumbai' | context lost â€” category: got '' expected 'excavator' | context lost â€” city: got '' expected 'mumbai',False,28.6
en_greet_mumbai_excavator_refine,EN greetâ†’excavator mumbaiâ†’pune refine,english,greet_search_refine,7,higher budget me kya option hai,"Mumbai me abhi Excavator nahi mila â€” par rukiye mat! Similar options: JCB / Backhoe Loader, Crawler Drill, Bulldozer. **Pune** me listing hai â€” Pune check karoon? Ya bataiye kaam kya hai (digging, lifting, transport) â€” sahi machine dhoondhunga.",refine_higher_budget,True,True,excavator,mumbai,excavator,mumbai,excavator,mumbai,True,no_result,0,True,,False,28.6
en_greet_mumbai_excavator_refine,EN greetâ†’excavator mumbaiâ†’pune refine,english,greet_search_refine,8,same in pune,"What type of work is the machine for â€” digging, lifting, compaction, transport, or loading?",city_switch,True,False,excavator,mumbai,excavator,pune,,,False,clarification,0,False,category: got '' want 'excavator' | city: got '' want 'pune' | city switch lost category: got '' expected 'excavator' | city switch failed: got '' expected 'pune',False,28.6
en_greet_mumbai_excavator_refine,EN greetâ†’excavator mumbaiâ†’pune refine,english,greet_search_refine,9,with operator included,I'm not fully sure which machine you need. Can you tell me the work type and city?,operator,True,False,excavator,mumbai,excavator,pune,,,False,clarification,0,False,category: got '' want 'excavator' | city: got '' want 'pune' | context lost â€” category: got '' expected 'excavator' | context lost â€” city: got '' expected 'pune',False,28.6
en_greet_mumbai_excavator_refine,EN greetâ†’excavator mumbaiâ†’pune refine,english,greet_search_refine,10,jcb brand only,"I couldn't find an exact Excavator in Mumbai right now. Similar categories: JCB / Backhoe Loader, Crawler Drill, Bulldozer. Nearby options with listings: Pune. Would you like me to check Pune? Or tell me what work you need (digging, lifting, transport) and I'll find the best fit.",brand_filter,True,False,excavator,mumbai,excavator,pune,excavator,mumbai,True,no_result,0,False,city: got 'mumbai' want 'pune' | context lost â€” city: got 'mumbai' expected 'pune',False,28.6
en_greet_mumbai_excavator_refine,EN greetâ†’excavator mumbaiâ†’pune refine,english,greet_search_refine,11,thanks that helps,"I am not fully sure yet. Can you tell me what you need â€” machine search, booking help, or support?",thanks,False,,excavator,mumbai,,,,,False,support,0,True,,False,28.6
en_greet_mumbai_excavator_refine,EN greetâ†’excavator mumbaiâ†’pune refine,english,greet_search_refine,12,how does payment work for booking,I can help with that. Please share your booking or order ID.,support,False,,excavator,mumbai,,,,,False,refund_return,0,True,,False,28.6
en_greet_pune_excavator_refine,EN greetâ†’excavator puneâ†’bangalore refine,english,greet_search_refine,1,hi,Welcome to InfraForge. Tell me what machine or help you need today.,greeting,False,,,,,,,,False,greeting,0,True,,False,42.9
en_greet_pune_excavator_refine,EN greetâ†’excavator puneâ†’bangalore refine,english,greet_search_refine,2,how are you,Nice to meet you. How can I help you with InfraForge today?,none,False,,,,,,,,False,conversational,0,True,,False,42.9
en_greet_pune_excavator_refine,EN greetâ†’excavator puneâ†’bangalore refine,english,greet_search_refine,3,i need a machine in pune,I'm not fully sure which machine you need. Can you tell me the work type and city?,establish_city,False,,,,,,,,False,unknown,0,,,False,42.9
en_greet_pune_excavator_refine,EN greetâ†’excavator puneâ†’bangalore refine,english,greet_search_refine,4,excavator,"Good news â€” I found 1 Excavator in Pune. Check the details below, then use **Contact Owner** on the card to take the next step:

1. Komatsu PC210 (excavator), Komatsu PC210, â€” Pune, â‚ą24,000/day, available, rating 4.0/5",establish_category,True,True,,,excavator,pune,excavator,pune,True,search,1,True,,False,42.9
en_greet_pune_excavator_refine,EN greetâ†’excavator puneâ†’bangalore refine,english,greet_search_refine,5,under 50000 per day,"I couldn't find an exact Excavator in Pune. No Excavator found in Pune under â‚ą50000. Showing nearest options above your budget.

1. Komatsu PC210 (excavator), Komatsu PC210, â€” Pune, â‚ą24,000/day, available, rating 4.0/5

These are close alternatives â€” compare price, condition and city before you tap Contact Owner on your preferred card.",refine_budget,True,True,excavator,pune,excavator,pune,excavator,pune,True,no_result,1,True,,False,42.9
en_greet_pune_excavator_refine,EN greetâ†’excavator puneâ†’bangalore refine,english,greet_search_refine,6,show cheaper options,"Lower-priced options for Excavator in Pune under â‚ą37500:

1. Komatsu PC210 â€” â‚ą24,000/day, Pune",refine_cheaper,True,False,excavator,pune,excavator,pune,,,False,cheaper_options,1,False,category: got '' want 'excavator' | city: got '' want 'pune' | context lost â€” category: got '' expected 'excavator' | context lost â€” city: got '' expected 'pune',False,42.9
en_greet_pune_excavator_refine,EN greetâ†’excavator puneâ†’bangalore refine,english,greet_search_refine,7,higher budget me kya option hai,"Exact Excavator Pune me nahi mila. No Excavator found in Pune under â‚ą91125. Showing nearest options above your budget.

1. Komatsu PC210 (excavator), Komatsu PC210, â€” Pune, â‚ą24,000/day, available, rating 4.0/5

Ye close alternatives hain â€” Contact Owner se pehle price, condition aur city compare karein.",refine_higher_budget,True,True,excavator,pune,excavator,pune,excavator,pune,True,no_result,1,True,,False,42.9
en_greet_pune_excavator_refine,EN greetâ†’excavator puneâ†’bangalore refine,english,greet_search_refine,8,same in bangalore,Could you clarify what you would like to do next?,city_switch,True,False,excavator,pune,excavator,bangalore,,,False,image_clarification,0,False,category: got '' want 'excavator' | city: got '' want 'bangalore' | city switch lost category: got '' expected 'excavator' | city switch failed: got '' expected 'bangalore',False,42.9
en_greet_pune_excavator_refine,EN greetâ†’excavator puneâ†’bangalore refine,english,greet_search_refine,9,with operator included,I'm not fully sure which machine you need. Can you tell me the work type and city?,operator,True,False,excavator,pune,excavator,bangalore,,,False,clarification,0,False,category: got '' want 'excavator' | city: got '' want 'bangalore' | context lost â€” category: got '' expected 'excavator' | context lost â€” city: got '' expected 'bangalore',False,42.9
en_greet_pune_excavator_refine,EN greetâ†’excavator puneâ†’bangalore refine,english,greet_search_refine,10,jcb brand only,"I couldn't find an exact Excavator in Pune. No Excavator found in Pune under â‚ą91125. Showing nearest options above your budget.

1. Komatsu PC210 (excavator), Komatsu PC210, â€” Pune, â‚ą24,000/day, available, rating 4.0/5

These are close alternatives â€” compare price, condition and city before you tap Contact Owner on your preferred card.",brand_filter,True,False,excavator,pune,excavator,bangalore,excavator,pune,True,no_result,1,False,city: got 'pune' want 'bangalore' | context lost â€” city: got 'pune' expected 'bangalore',False,42.9
en_greet_pune_excavator_refine,EN greetâ†’excavator puneâ†’bangalore refine,english,greet_search_refine,11,thanks that helps,Could you clarify what you would like to do next?,thanks,False,,excavator,pune,,,,,False,support,0,True,,False,42.9
en_greet_pune_excavator_refine,EN greetâ†’excavator puneâ†’bangalore refine,english,greet_search_refine,12,how does payment work for booking,"To proceed, please share your booking ID or registered mobile number.",support,False,,excavator,pune,,,,,False,refund_return,0,True,,False,42.9
en_greet_bangalore_excavator_refine,EN greetâ†’excavator bangaloreâ†’chennai refine,english,greet_search_refine,1,hi,"Hello! I can help you search machines, compare options, rent or buy, and handle support on InfraForge.",greeting,False,,,,,,,,False,greeting,0,True,,False,42.9
en_greet_bangalore_excavator_refine,EN greetâ†’excavator bangaloreâ†’chennai refine,english,greet_search_refine,2,how are you,"Good to connect. I can help with machine search, recommendations, and support.",none,False,,,,,,,,False,conversational,0,True,,False,42.9
en_greet_bangalore_excavator_refine,EN greetâ†’excavator bangaloreâ†’chennai refine,english,greet_search_refine,3,i need a machine in bangalore,I'm not fully sure which machine you need. Can you tell me the work type and city?,establish_city,False,,,,,,,,False,unknown,0,,,False,42.9
en_greet_bangalore_excavator_refine,EN greetâ†’excavator bangaloreâ†’chennai refine,english,greet_search_refine,4,excavator,"I couldn't find an exact Excavator in Bangalore right now. Similar categories: JCB / Backhoe Loader, Crawler Drill, Bulldozer. Nearby options with listings: Chennai. Would you like me to check Chennai? Or tell me what work you need (digging, lifting, transport) and I'll find the best fit.",establish_category,True,True,,,excavator,bangalore,excavator,bangalore,False,no_result,0,True,,False,42.9
en_greet_bangalore_excavator_refine,EN greetâ†’excavator bangaloreâ†’chennai refine,english,greet_search_refine,5,under 50000 per day,"I couldn't find an exact Excavator in Bangalore right now. Similar categories: JCB / Backhoe Loader, Crawler Drill, Bulldozer. Nearby options with listings: Chennai. Would you like me to check Chennai? Or tell me what work you need (digging, lifting, transport) and I'll find the best fit.",refine_budget,True,True,excavator,bangalore,excavator,bangalore,excavator,bangalore,True,no_result,0,True,,False,42.9
en_greet_bangalore_excavator_refine,EN greetâ†’excavator bangaloreâ†’chennai refine,english,greet_search_refine,6,show cheaper options,"What would you like to do next â€” refine search, compare, or contact owner?",refine_cheaper,True,False,excavator,bangalore,excavator,bangalore,,,False,cheaper_options,0,False,category: got '' want 'excavator' | city: got '' want 'bangalore' | context lost â€” category: got '' expected 'excavator' | context lost â€” city: got '' expected 'bangalore',False,42.9
en_greet_bangalore_excavator_refine,EN greetâ†’excavator bangaloreâ†’chennai refine,english,greet_search_refine,7,higher budget me kya option hai,"Bangalore me abhi Excavator nahi mila â€” par rukiye mat! Similar options: JCB / Backhoe Loader, Crawler Drill, Bulldozer. **Chennai** me listing hai â€” Chennai check karoon? Ya bataiye kaam kya hai (digging, lifting, transport) â€” sahi machine dhoondhunga.",refine_higher_budget,True,True,excavator,bangalore,excavator,bangalore,excavator,bangalore,True,no_result,0,True,,False,42.9
en_greet_bangalore_excavator_refine,EN greetâ†’excavator bangaloreâ†’chennai refine,english,greet_search_refine,8,same in chennai,Tell me the work type so I can suggest the right equipment category.,city_switch,True,False,excavator,bangalore,excavator,chennai,,,False,clarification,0,False,category: got '' want 'excavator' | city: got '' want 'chennai' | city switch lost category: got '' expected 'excavator' | city switch failed: got '' expected 'chennai',False,42.9
en_greet_bangalore_excavator_refine,EN greetâ†’excavator bangaloreâ†’chennai refine,english,greet_search_refine,9,with operator included,"I am not fully sure yet. Can you tell me â€” machine search, booking help, or support?",operator,True,False,excavator,bangalore,excavator,chennai,,,False,clarification,0,False,category: got '' want 'excavator' | city: got '' want 'chennai' | context lost â€” category: got '' expected 'excavator' | context lost â€” city: got '' expected 'chennai',False,42.9
en_greet_bangalore_excavator_refine,EN greetâ†’excavator bangaloreâ†’chennai refine,english,greet_search_refine,10,jcb brand only,"I couldn't find an exact Excavator in Bangalore right now. Similar categories: JCB / Backhoe Loader, Crawler Drill, Bulldozer. Nearby options with listings: Chennai. Would you like me to check Chennai? Or tell me what work you need (digging, lifting, transport) and I'll find the best fit.",brand_filter,True,False,excavator,bangalore,excavator,chennai,excavator,bangalore,True,no_result,0,False,city: got 'bangalore' want 'chennai' | context lost â€” city: got 'bangalore' expected 'chennai',False,42.9
en_greet_bangalore_excavator_refine,EN greetâ†’excavator bangaloreâ†’chennai refine,english,greet_search_refine,11,thanks that helps,"I am not fully sure yet. Can you tell me what you need â€” machine search, booking help, or support?",thanks,False,,excavator,bangalore,,,,,False,support,0,True,,False,42.9
en_greet_bangalore_excavator_refine,EN greetâ†’excavator bangaloreâ†’chennai refine,english,greet_search_refine,12,how does payment work for booking,"To proceed, please share your booking ID or registered mobile number.",support,False,,excavator,bangalore,,,,,False,refund_return,0,True,,False,42.9
en_greet_chennai_excavator_refine,EN greetâ†’excavator chennaiâ†’hyderabad refine,english,greet_search_refine,1,hi,Welcome to InfraForge. Tell me what machine or help you need today.,greeting,False,,,,,,,,False,greeting,0,True,,False,42.9
en_greet_chennai_excavator_refine,EN greetâ†’excavator chennaiâ†’hyderabad refine,english,greet_search_refine,2,how are you,Nice to meet you. How can I help you with InfraForge today?,none,False,,,,,,,,False,conversational,0,True,,False,42.9
en_greet_chennai_excavator_refine,EN greetâ†’excavator chennaiâ†’hyderabad refine,english,greet_search_refine,3,i need a machine in chennai,I'm not fully sure which machine you need. Can you tell me the work type and city?,establish_city,False,,,,,,,,False,unknown,0,,,False,42.9
en_greet_chennai_excavator_refine,EN greetâ†’excavator chennaiâ†’hyderabad refine,english,greet_search_refine,4,excavator,"Good news â€” I found 1 Excavator in Chennai. Check the details below, then use **Contact Owner** on the card to take the next step:

1. Hyundai R210 (excavator), Hyundai R210, â€” Chennai, â‚ą12,000/day, available, rating 4.0/5",establish_category,True,True,,,excavator,chennai,excavator,chennai,True,search,1,True,,False,42.9
en_greet_chennai_excavator_refine,EN greetâ†’excavator chennaiâ†’hyderabad refine,english,greet_search_refine,5,under 50000 per day,"I couldn't find an exact Excavator in Chennai. No Excavator found in Chennai under â‚ą50000. Showing nearest options above your budget.

1. Hyundai R210 (excavator), Hyundai R210, â€” Chennai, â‚ą12,000/day, available, rating 4.0/5

These are close alternatives â€” compare price, condition and city before you tap Contact Owner on your preferred card.",refine_budget,True,True,excavator,chennai,excavator,chennai,excavator,chennai,True,no_result,1,True,,False,42.9
en_greet_chennai_excavator_refine,EN greetâ†’excavator chennaiâ†’hyderabad refine,english,greet_search_refine,6,show cheaper options,"Lower-priced options for Excavator in Chennai under â‚ą37500:

1. Hyundai R210 â€” â‚ą12,000/day, Chennai",refine_cheaper,True,False,excavator,chennai,excavator,chennai,,,False,cheaper_options,1,False,category: got '' want 'excavator' | city: got '' want 'chennai' | context lost â€” category: got '' expected 'excavator' | context lost â€” city: got '' expected 'chennai',False,42.9
en_greet_chennai_excavator_refine,EN greetâ†’excavator chennaiâ†’hyderabad refine,english,greet_search_refine,7,higher budget me kya option hai,"Exact Excavator Chennai me nahi mila. No Excavator found in Chennai under â‚ą91125. Showing nearest options above your budget.

1. Hyundai R210 (excavator), Hyundai R210, â€” Chennai, â‚ą12,000/day, available, rating 4.0/5

Ye close alternatives hain â€” Contact Owner se pehle price, condition aur city compare karein.",refine_higher_budget,True,True,excavator,chennai,excavator,chennai,excavator,chennai,True,no_result,1,True,,False,42.9
en_greet_chennai_excavator_refine,EN greetâ†’excavator chennaiâ†’hyderabad refine,english,greet_search_refine,8,same in hyderabad,"I am not fully sure yet. Can you tell me what you need â€” machine search, booking help, or support?",city_switch,True,False,excavator,chennai,excavator,hyderabad,,,False,image_clarification,0,False,category: got '' want 'excavator' | city: got '' want 'hyderabad' | city switch lost category: got '' expected 'excavator' | city switch failed: got '' expected 'hyderabad',False,42.9
en_greet_chennai_excavator_refine,EN greetâ†’excavator chennaiâ†’hyderabad refine,english,greet_search_refine,9,with operator included,"I am not fully sure yet. Can you tell me â€” machine search, booking help, or support?",operator,True,False,excavator,chennai,excavator,hyderabad,,,False,clarification,0,False,category: got '' want 'excavator' | city: got '' want 'hyderabad' | context lost â€” category: got '' expected 'excavator' | context lost â€” city: got '' expected 'hyderabad',False,42.9
en_greet_chennai_excavator_refine,EN greetâ†’excavator chennaiâ†’hyderabad refine,english,greet_search_refine,10,jcb brand only,"I couldn't find an exact Excavator in Chennai. No Excavator found in Chennai under â‚ą91125. Showing nearest options above your budget.

1. Hyundai R210 (excavator), Hyundai R210, â€” Chennai, â‚ą12,000/day, available, rating 4.0/5

These are close alternatives â€” compare price, condition and city before you tap Contact Owner on your preferred card.",brand_filter,True,False,excavator,chennai,excavator,hyderabad,excavator,chennai,True,no_result,1,False,city: got 'chennai' want 'hyderabad' | context lost â€” city: got 'chennai' expected 'hyderabad',False,42.9
en_greet_chennai_excavator_refine,EN greetâ†’excavator chennaiâ†’hyderabad refine,english,greet_search_refine,11,thanks that helps,"I am not fully sure yet. Can you tell me what you need â€” machine search, booking help, or support?",thanks,False,,excavator,chennai,,,,,False,support,0,True,,False,42.9
en_greet_chennai_excavator_refine,EN greetâ†’excavator chennaiâ†’hyderabad refine,english,greet_search_refine,12,how does payment work for booking,I can help with that. Please share your booking or order ID.,support,False,,excavator,chennai,,,,,False,refund_return,0,True,,False,42.9
en_greet_hyderabad_excavator_refine,EN greetâ†’excavator hyderabadâ†’ahmedabad refine,english,greet_search_refine,1,hi,Welcome to InfraForge. Tell me what machine or help you need today.,greeting,False,,,,,,,,False,greeting,0,True,,False,42.9
en_greet_hyderabad_excavator_refine,EN greetâ†’excavator hyderabadâ†’ahmedabad refine,english,greet_search_refine,2,how are you,"Good to connect. I can help with machine search, recommendations, and support.",none,False,,,,,,,,False,conversational,0,True,,False,42.9
en_greet_hyderabad_excavator_refine,EN greetâ†’excavator hyderabadâ†’ahmedabad refine,english,greet_search_refine,3,i need a machine in hyderabad,I'm not fully sure which machine you need. Can you tell me the work type and city?,establish_city,False,,,,,,,,False,unknown,0,,,False,42.9
en_greet_hyderabad_excavator_refine,EN greetâ†’excavator hyderabadâ†’ahmedabad refine,english,greet_search_refine,4,excavator,"I couldn't find an exact Excavator in Hyderabad right now. Similar categories: JCB / Backhoe Loader, Crawler Drill, Bulldozer. Nearby options with listings: Chennai. Would you like me to check Chennai? Or tell me what work you need (digging, lifting, transport) and I'll find the best fit.",establish_category,True,True,,,excavator,hyderabad,excavator,hyderabad,False,no_result,0,True,,False,42.9
en_greet_hyderabad_excavator_refine,EN greetâ†’excavator hyderabadâ†’ahmedabad refine,english,greet_search_refine,5,under 50000 per day,"I couldn't find an exact Excavator in Hyderabad right now. Similar categories: JCB / Backhoe Loader, Crawler Drill, Bulldozer. Nearby options with listings: Chennai. Would you like me to check Chennai? Or tell me what work you need (digging, lifting, transport) and I'll find the best fit.",refine_budget,True,True,excavator,hyderabad,excavator,hyderabad,excavator,hyderabad,True,no_result,0,True,,False,42.9
en_greet_hyderabad_excavator_refine,EN greetâ†’excavator hyderabadâ†’ahmedabad refine,english,greet_search_refine,6,show cheaper options,Happy to continue. Pick an option below or tell me what you need.,refine_cheaper,True,False,excavator,hyderabad,excavator,hyderabad,,,False,cheaper_options,0,False,category: got '' want 'excavator' | city: got '' want 'hyderabad' | context lost â€” category: got '' expected 'excavator' | context lost â€” city: got '' expected 'hyderabad',False,42.9
en_greet_hyderabad_excavator_refine,EN greetâ†’excavator hyderabadâ†’ahmedabad refine,english,greet_search_refine,7,higher budget me kya option hai,"Hyderabad me abhi Excavator nahi mila â€” par rukiye mat! Similar options: JCB / Backhoe Loader, Crawler Drill, Bulldozer. **Chennai** me listing hai â€” Chennai check karoon? Ya bataiye kaam kya hai (digging, lifting, transport) â€” sahi machine dhoondhunga.",refine_higher_budget,True,True,excavator,hyderabad,excavator,hyderabad,excavator,hyderabad,True,no_result,0,True,,False,42.9
en_greet_hyderabad_excavator_refine,EN greetâ†’excavator hyderabadâ†’ahmedabad refine,english,greet_search_refine,8,same in ahmedabad,Tell me the work type so I can suggest the right equipment category.,city_switch,True,False,excavator,hyderabad,excavator,ahmedabad,,,False,clarification,0,False,category: got '' want 'excavator' | city: got '' want 'ahmedabad' | city switch lost category: got '' expected 'excavator' | city switch failed: got '' expected 'ahmedabad',False,42.9
en_greet_hyderabad_excavator_refine,EN greetâ†’excavator hyderabadâ†’ahmedabad refine,english,greet_search_refine,9,with operator included,"I am not fully sure yet. Can you tell me â€” machine search, booking help, or support?",operator,True,False,excavator,hyderabad,excavator,ahmedabad,,,False,clarification,0,False,category: got '' want 'excavator' | city: got '' want 'ahmedabad' | context lost â€” category: got '' expected 'excavator' | context lost â€” city: got '' expected 'ahmedabad',False,42.9
en_greet_hyderabad_excavator_refine,EN greetâ†’excavator hyderabadâ†’ahmedabad refine,english,greet_search_refine,10,jcb brand only,"I couldn't find an exact Excavator in Hyderabad right now. Similar categories: JCB / Backhoe Loader, Crawler Drill, Bulldozer. Nearby options with listings: Chennai. Would you like me to check Chennai? Or tell me what work you need (digging, lifting, transport) and I'll find the best fit.",brand_filter,True,False,excavator,hyderabad,excavator,ahmedabad,excavator,hyderabad,True,no_result,0,False,city: got 'hyderabad' want 'ahmedabad' | context lost â€” city: got 'hyderabad' expected 'ahmedabad',False,42.9
en_greet_hyderabad_excavator_refine,EN greetâ†’excavator hyderabadâ†’ahmedabad refine,english,greet_search_refine,11,thanks that helps,"I am not fully sure yet. Can you tell me what you need â€” machine search, booking help, or support?",thanks,False,,excavator,hyderabad,,,,,False,support,0,True,,False,42.9
en_greet_hyderabad_excavator_refine,EN greetâ†’excavator hyderabadâ†’ahmedabad refine,english,greet_search_refine,12,how does payment work for booking,"To proceed, please share your booking ID or registered mobile number.",support,False,,excavator,hyderabad,,,,,False,refund_return,0,True,,False,42.9
en_greet_ahmedabad_excavator_refine,EN greetâ†’excavator ahmedabadâ†’kolkata refine,english,greet_search_refine,1,hi,Welcome to InfraForge. Tell me what machine or help you need today.,greeting,False,,,,,,,,False,greeting,0,True,,False,42.9
en_greet_ahmedabad_excavator_refine,EN greetâ†’excavator ahmedabadâ†’kolkata refine,english,greet_search_refine,2,how are you,Thanks for introducing yourself. What would you like to do first?,none,False,,,,,,,,False,conversational,0,True,,False,42.9
en_greet_ahmedabad_excavator_refine,EN greetâ†’excavator ahmedabadâ†’kolkata refine,english,greet_search_refine,3,i need a machine in ahmedabad,I'm not fully sure which machine you need. Can you tell me the work type and city?,establish_city,False,,,,,,,,False,unknown,0,,,False,42.9
en_greet_ahmedabad_excavator_refine,EN greetâ†’excavator ahmedabadâ†’kolkata refine,english,greet_search_refine,4,excavator,"I couldn't find an exact Excavator in Ahmedabad right now. Similar categories: JCB / Backhoe Loader, Crawler Drill, Bulldozer. Nearby options with listings: Pune. Would you like me to check Pune? Or tell me what work you need (digging, lifting, transport) and I'll find the best fit.",establish_category,True,True,,,excavator,ahmedabad,excavator,ahmedabad,False,no_result,0,True,,False,42.9
en_greet_ahmedabad_excavator_refine,EN greetâ†’excavator ahmedabadâ†’kolkata refine,english,greet_search_refine,5,under 50000 per day,"I couldn't find an exact Excavator in Ahmedabad right now. Similar categories: JCB / Backhoe Loader, Crawler Drill, Bulldozer. Nearby options with listings: Pune. Would you like me to check Pune? Or tell me what work you need (digging, lifting, transport) and I'll find the best fit.",refine_budget,True,True,excavator,ahmedabad,excavator,ahmedabad,excavator,ahmedabad,True,no_result,0,True,,False,42.9
en_greet_ahmedabad_excavator_refine,EN greetâ†’excavator ahmedabadâ†’kolkata refine,english,greet_search_refine,6,show cheaper options,Happy to continue. Pick an option below or tell me what you need.,refine_cheaper,True,False,excavator,ahmedabad,excavator,ahmedabad,,,False,cheaper_options,0,False,category: got '' want 'excavator' | city: got '' want 'ahmedabad' | context lost â€” category: got '' expected 'excavator' | context lost â€” city: got '' expected 'ahmedabad',False,42.9
en_greet_ahmedabad_excavator_refine,EN greetâ†’excavator ahmedabadâ†’kolkata refine,english,greet_search_refine,7,higher budget me kya option hai,"Ahmedabad me abhi Excavator nahi mila â€” par rukiye mat! Similar options: JCB / Backhoe Loader, Crawler Drill, Bulldozer. **Pune** me listing hai â€” Pune check karoon? Ya bataiye kaam kya hai (digging, lifting, transport) â€” sahi machine dhoondhunga.",refine_higher_budget,True,True,excavator,ahmedabad,excavator,ahmedabad,excavator,ahmedabad,True,no_result,0,True,,False,42.9
en_greet_ahmedabad_excavator_refine,EN greetâ†’excavator ahmedabadâ†’kolkata refine,english,greet_search_refine,8,same in kolkata,Tell me the work type so I can suggest the right equipment category.,city_switch,True,False,excavator,ahmedabad,excavator,kolkata,,,False,clarification,0,False,category: got '' want 'excavator' | city: got '' want 'kolkata' | city switch lost category: got '' expected 'excavator' | city switch failed: got '' expected 'kolkata',False,42.9
en_greet_ahmedabad_excavator_refine,EN greetâ†’excavator ahmedabadâ†’kolkata refine,english,greet_search_refine,9,with operator included,"I am not fully sure yet. Can you tell me â€” machine search, booking help, or support?",operator,True,False,excavator,ahmedabad,excavator,kolkata,,,False,clarification,0,False,category: got '' want 'excavator' | city: got '' want 'kolkata' | context lost â€” category: got '' expected 'excavator' | context lost â€” city: got '' expected 'kolkata',False,42.9
en_greet_ahmedabad_excavator_refine,EN greetâ†’excavator ahmedabadâ†’kolkata refine,english,greet_search_refine,10,jcb brand only,"I couldn't find an exact Excavator in Ahmedabad right now. Similar categories: JCB / Backhoe Loader, Crawler Drill, Bulldozer. Nearby options with listings: Pune. Would you like me to check Pune? Or tell me what work you need (digging, lifting, transport) and I'll find the best fit.",brand_filter,True,False,excavator,ahmedabad,excavator,kolkata,excavator,ahmedabad,True,no_result,0,False,city: got 'ahmedabad' want 'kolkata' | context lost â€” city: got 'ahmedabad' expected 'kolkata',False,42.9
en_greet_ahmedabad_excavator_refine,EN greetâ†’excavator ahmedabadâ†’kolkata refine,english,greet_search_refine,11,thanks that helps,Could you clarify what you would like to do next?,thanks,False,,excavator,ahmedabad,,,,,False,support,0,True,,False,42.9
en_greet_ahmedabad_excavator_refine,EN greetâ†’excavator ahmedabadâ†’kolkata refine,english,greet_search_refine,12,how does payment work for booking,"To proceed, please share your booking ID or registered mobile number.",support,False,,excavator,ahmedabad,,,,,False,refund_return,0,True,,False,42.9
en_greet_kolkata_excavator_refine,EN greetâ†’excavator kolkataâ†’jaipur refine,english,greet_search_refine,1,hi,"Hello! I can help you search machines, compare options, rent or buy, and handle support on InfraForge.",greeting,False,,,,,,,,False,greeting,0,True,,False,42.9
en_greet_kolkata_excavator_refine,EN greetâ†’excavator kolkataâ†’jaipur refine,english,greet_search_refine,2,how are you,"Good to connect. I can help with machine search, recommendations, and support.",none,False,,,,,,,,False,conversational,0,True,,False,42.9
en_greet_kolkata_excavator_refine,EN greetâ†’excavator kolkataâ†’jaipur refine,english,greet_search_refine,3,i need a machine in kolkata,I'm not fully sure which machine you need. Can you tell me the work type and city?,establish_city,False,,,,,,,,False,unknown,0,,,False,42.9
en_greet_kolkata_excavator_refine,EN greetâ†’excavator kolkataâ†’jaipur refine,english,greet_search_refine,4,excavator,"I couldn't find an exact Excavator in Kolkata right now. Similar categories: JCB / Backhoe Loader, Crawler Drill, Bulldozer. Nearby options with listings: Chennai, Delhi, Gurgaon and Pune. Would you like me to check Chennai? Or tell me what work you need (digging, lifting, transport) and I'll find the best fit.",establish_category,True,True,,,excavator,kolkata,excavator,kolkata,False,no_result,0,True,,False,42.9
en_greet_kolkata_excavator_refine,EN greetâ†’excavator kolkataâ†’jaipur refine,english,greet_search_refine,5,under 50000 per day,"I couldn't find an exact Excavator in Kolkata right now. Similar categories: JCB / Backhoe Loader, Crawler Drill, Bulldozer. Nearby options with listings: Chennai, Delhi, Gurgaon and Pune. Would you like me to check Chennai? Or tell me what work you need (digging, lifting, transport) and I'll find the best fit.",refine_budget,True,True,excavator,kolkata,excavator,kolkata,excavator,kolkata,True,no_result,0,True,,False,42.9
en_greet_kolkata_excavator_refine,EN greetâ†’excavator kolkataâ†’jaipur refine,english,greet_search_refine,6,show cheaper options,Happy to continue. Pick an option below or tell me what you need.,refine_cheaper,True,False,excavator,kolkata,excavator,kolkata,,,False,cheaper_options,0,False,category: got '' want 'excavator' | city: got '' want 'kolkata' | context lost â€” category: got '' expected 'excavator' | context lost â€” city: got '' expected 'kolkata',False,42.9
en_greet_kolkata_excavator_refine,EN greetâ†’excavator kolkataâ†’jaipur refine,english,greet_search_refine,7,higher budget me kya option hai,"Kolkata me abhi Excavator nahi mila â€” par rukiye mat! Similar options: JCB / Backhoe Loader, Crawler Drill, Bulldozer. **Chennai** me listing hai â€” Chennai, Delhi, Gurgaon and Pune check karoon? Ya bataiye kaam kya hai (digging, lifting, transport) â€” sahi machine dhoondhunga.",refine_higher_budget,True,True,excavator,kolkata,excavator,kolkata,excavator,kolkata,True,no_result,0,True,,False,42.9
en_greet_kolkata_excavator_refine,EN greetâ†’excavator kolkataâ†’jaipur refine,english,greet_search_refine,8,same in jaipur,"What type of work is the machine for â€” digging, lifting, compaction, transport, or loading?",city_switch,True,False,excavator,kolkata,excavator,jaipur,,,False,clarification,0,False,category: got '' want 'excavator' | city: got '' want 'jaipur' | city switch lost category: got '' expected 'excavator' | city switch failed: got '' expected 'jaipur',False,42.9
en_greet_kolkata_excavator_refine,EN greetâ†’excavator kolkataâ†’jaipur refine,english,greet_search_refine,9,with operator included,"Could you clarify what you need? I can help with machines, rent/buy, or support.",operator,True,False,excavator,kolkata,excavator,jaipur,,,False,clarification,0,False,category: got '' want 'excavator' | city: got '' want 'jaipur' | context lost â€” category: got '' expected 'excavator' | context lost â€” city: got '' expected 'jaipur',False,42.9
en_greet_kolkata_excavator_refine,EN greetâ†’excavator kolkataâ†’jaipur refine,english,greet_search_refine,10,jcb brand only,"I couldn't find an exact Excavator in Kolkata right now. Similar categories: JCB / Backhoe Loader, Crawler Drill, Bulldozer. Nearby options with listings: Chennai, Delhi, Gurgaon and Pune. Would you like me to check Chennai? Or tell me what work you need (digging, lifting, transport) and I'll find the best fit.",brand_filter,True,False,excavator,kolkata,excavator,jaipur,excavator,kolkata,True,no_result,0,False,city: got 'kolkata' want 'jaipur' | context lost â€” city: got 'kolkata' expected 'jaipur',False,42.9
en_greet_kolkata_excavator_refine,EN greetâ†’excavator kolkataâ†’jaipur refine,english,greet_search_refine,11,thanks that helps,"I am not fully sure yet. Can you tell me what you need â€” machine search, booking help, or support?",thanks,False,,excavator,kolkata,,,,,False,support,0,True,,False,42.9
en_greet_kolkata_excavator_refine,EN greetâ†’excavator kolkataâ†’jaipur refine,english,greet_search_refine,12,how does payment work for booking,I can help with that. Please share your booking or order ID.,support,False,,excavator,kolkata,,,,,False,refund_return,0,True,,False,42.9
hi_greet_jaipur_excavator_refine,Hinglish greetâ†’excavator jaipurâ†’delhi,hinglish,greet_search_refine,1,namaste,Welcome to InfraForge. Tell me what machine or help you need today.,greeting,False,,,,,,,,False,greeting,0,True,,False,28.6
hi_greet_jaipur_excavator_refine,Hinglish greetâ†’excavator jaipurâ†’delhi,hinglish,greet_search_refine,2,kaise ho aap,Thanks for introducing yourself. What would you like to do first?,none,False,,,,,,,,False,conversational,0,True,,False,28.6
hi_greet_jaipur_excavator_refine,Hinglish greetâ†’excavator jaipurâ†’delhi,hinglish,greet_search_refine,3,mujhe jaipur me machine chahiye,Mujhe poora clear nahi hai kaunsi machine chahiye. Kaam ka type aur city bata dein?,establish_city,False,,,,,,,,False,unknown,0,,,False,28.6
hi_greet_jaipur_excavator_refine,Hinglish greetâ†’excavator jaipurâ†’delhi,hinglish,greet_search_refine,4,excavator chahiye,"Exact Excavator Jaipur me nahi mila. No Excavator in Jaipur. Showing similar machines available in Jaipur.

1. EPIROC AIR ROC D-35(LM-100) Pneumatic (CRAWLER DRILL), EPIROC AIR ROC D-35(LM-100), â€” Jaipur, â‚ą400/daily, available, used 2022, rating not available

Ye close alternatives hain â€” Contact Owner se pehle price, condition aur city compare karein.",establish_category,True,True,,,excavator,jaipur,excavator,jaipur,True,no_result,1,True,,False,28.6
hi_greet_jaipur_excavator_refine,Hinglish greetâ†’excavator jaipurâ†’delhi,hinglish,greet_search_refine,5,8000 se kam budget me,I can compare in chat â€” tell me two brands/models and machine type (e.g. 'JCB vs CAT road roller in Delhi').,refine_budget,True,False,excavator,jaipur,excavator,jaipur,,,False,clarification,0,False,category: got '' want 'excavator' | city: got '' want 'jaipur' | context lost â€” category: got '' expected 'excavator' | context lost â€” city: got '' expected 'jaipur',False,28.6
hi_greet_jaipur_excavator_refine,Hinglish greetâ†’excavator jaipurâ†’delhi,hinglish,greet_search_refine,6,aur saste options dikhao,"Poora clear nahi hai. Machine search, booking help ya support â€” kya chahiye?",refine_cheaper,True,False,excavator,jaipur,excavator,jaipur,,,False,clarification,0,False,category: got '' want 'excavator' | city: got '' want 'jaipur' | context lost â€” category: got '' expected 'excavator' | context lost â€” city: got '' expected 'jaipur',False,28.6
hi_greet_jaipur_excavator_refine,Hinglish greetâ†’excavator jaipurâ†’delhi,hinglish,greet_search_refine,7,thoda budget badha do,"I couldn't find an exact Excavator in Jaipur. No Excavator in Jaipur. Showing similar machines available in Jaipur.

1. EPIROC AIR ROC D-35(LM-100) Pneumatic (CRAWLER DRILL), EPIROC AIR ROC D-35(LM-100), â€” Jaipur, â‚ą400/daily, available, used 2022, rating not available

These are close alternatives â€” compare price, condition and city before you tap Contact Owner on your preferred card.",refine_higher_budget,True,True,excavator,jaipur,excavator,jaipur,excavator,jaipur,True,no_result,1,True,,False,28.6
hi_greet_jaipur_excavator_refine,Hinglish greetâ†’excavator jaipurâ†’delhi,hinglish,greet_search_refine,8,delhi me bhi same chahiye,Agla step clarify kar dein?,city_switch,True,False,excavator,jaipur,excavator,delhi,,,False,image_clarification,0,False,category: got '' want 'excavator' | city: got '' want 'delhi' | city switch lost category: got '' expected 'excavator' | city switch failed: got '' expected 'delhi',False,28.6
hi_greet_jaipur_excavator_refine,Hinglish greetâ†’excavator jaipurâ†’delhi,hinglish,greet_search_refine,9,operator ke sath,I'm not fully sure which machine you need. Can you tell me the work type and city?,operator,True,False,excavator,jaipur,excavator,delhi,,,False,clarification,0,False,category: got '' want 'excavator' | city: got '' want 'delhi' | context lost â€” category: got '' expected 'excavator' | context lost â€” city: got '' expected 'delhi',False,28.6
hi_greet_jaipur_excavator_refine,Hinglish greetâ†’excavator jaipurâ†’delhi,hinglish,greet_search_refine,10,jcb brand dikhao,"Exact Excavator Jaipur me nahi mila. No Excavator in Jaipur. Showing similar machines available in Jaipur.

1. EPIROC AIR ROC D-35(LM-100) Pneumatic (CRAWLER DRILL), EPIROC AIR ROC D-35(LM-100), â€” Jaipur, â‚ą400/daily, available, used 2022, rating not available

Ye close alternatives hain â€” Contact Owner se pehle price, condition aur city compare karein.",brand_filter,True,False,excavator,jaipur,excavator,delhi,excavator,jaipur,True,no_result,1,False,city: got 'jaipur' want 'delhi' | context lost â€” city: got 'jaipur' expected 'delhi',False,28.6
hi_greet_jaipur_excavator_refine,Hinglish greetâ†’excavator jaipurâ†’delhi,hinglish,greet_search_refine,11,booking kaise hoti hai,I can compare in chat â€” tell me two brands/models and machine type (e.g. 'JCB vs CAT road roller in Delhi').,support,False,,excavator,jaipur,,,,,False,clarification,0,True,,False,28.6
hi_greet_jaipur_excavator_refine,Hinglish greetâ†’excavator jaipurâ†’delhi,hinglish,greet_search_refine,12,theek hai dhanyavaad,Nice to meet you. Aaj InfraForge me kaise madad kar sakta hoon?,thanks,False,,excavator,jaipur,,,,,False,conversational,0,True,,False,28.6
